,name,index,missrate,cpi
0,fft_5_7_3_3_5_6.txt,5 _ 7 _ 3 _ 3 _ 5 _ 6,0.018289526611097125,1.047095
1,fft_5_7_4_6_8_8.txt,5 _ 7 _ 4 _ 6 _ 8 _ 8,0.1411640933776906,1.202511
2,fft_5_7_5_5_5_7.txt,5 _ 7 _ 5 _ 5 _ 5 _ 7,0.018289526611097125,1.047095
3,fft_5_7_5_7_8_8.txt,5 _ 7 _ 5 _ 7 _ 8 _ 8,0.018289526611097125,1.047095
4,fft_5_7_8_8_9_9.txt,5 _ 7 _ 8 _ 8 _ 9 _ 9,0.018289526611097125,1.047095
5,fft_6_8_3_3_4_4.txt,6 _ 8 _ 3 _ 3 _ 4 _ 4,0.04135321035524256,1.110552
6,fft_6_8_4_5_5_5.txt,6 _ 8 _ 4 _ 5 _ 5 _ 5,0.03110615547181009,1.08037
7,fft_6_8_4_6_6_7.txt,6 _ 8 _ 4 _ 6 _ 6 _ 7,0.026469027869328563,1.067724
8,fft_6_8_4_6_7_8.txt,6 _ 8 _ 4 _ 6 _ 7 _ 8,0.02507167792631795,1.063843
9,fft_6_8_5_5_7_9.txt,6 _ 8 _ 5 _ 5 _ 7 _ 9,0.02562019150870024,1.06522
10,fft_6_8_6_6_6_8.txt,6 _ 8 _ 6 _ 6 _ 6 _ 8,0.02616582633801555,1.066879
11,fft_6_8_6_7_8_8.txt,6 _ 8 _ 6 _ 7 _ 8 _ 8,0.024321635616941548,1.061823
12,fft_6_8_8_8_9_9.txt,6 _ 8 _ 8 _ 8 _ 9 _ 9,0.023712116284247183,1.060364
13,fft_6_8_9_9_9_9.txt,6 _ 8 _ 9 _ 9 _ 9 _ 9,0.02426901216198787,1.061878
14,fft_7_6_3_4_6_6.txt,7 _ 6 _ 3 _ 4 _ 6 _ 6,0.018289526611097125,1.047095
15,fft_7_6_4_4_6_6.txt,7 _ 6 _ 4 _ 4 _ 6 _ 6,0.018289526611097125,1.047095
16,fft_7_6_5_5_7_7.txt,7 _ 6 _ 5 _ 5 _ 7 _ 7,0.018289526611097125,1.047095
17,fft_7_6_5_6_6_7.txt,7 _ 6 _ 5 _ 6 _ 6 _ 7,0.018289526611097125,1.047095
18,fft_7_6_7_7_7_9.txt,7 _ 6 _ 7 _ 7 _ 7 _ 9,0.018289526611097125,1.047095
19,fft_7_7_5_7_7_7.txt,7 _ 7 _ 5 _ 7 _ 7 _ 7,0.018289526611097125,1.047095
20,fft_7_7_6_6_7_9.txt,7 _ 7 _ 6 _ 6 _ 7 _ 9,0.018289526611097125,1.047095
21,fft_7_7_7_7_8_9.txt,7 _ 7 _ 7 _ 7 _ 8 _ 9,0.018289526611097125,1.047095
22,fft_7_8_3_3_4_4.txt,7 _ 8 _ 3 _ 3 _ 4 _ 4,0.018289526611097125,1.047095
23,fft_7_8_3_3_4_6.txt,7 _ 8 _ 3 _ 3 _ 4 _ 6,0.018289526611097125,1.047095
24,fft_7_8_3_3_5_5.txt,7 _ 8 _ 3 _ 3 _ 5 _ 5,0.018289526611097125,1.047095
25,fft_7_8_4_4_4_6.txt,7 _ 8 _ 4 _ 4 _ 4 _ 6,0.018289526611097125,1.047095
26,fft_7_8_4_5_5_6.txt,7 _ 8 _ 4 _ 5 _ 5 _ 6,0.018289526611097125,1.047095
27,fft_7_8_4_5_7_7.txt,7 _ 8 _ 4 _ 5 _ 7 _ 7,0.018289526611097125,1.047095
28,fft_7_8_5_5_5_5.txt,7 _ 8 _ 5 _ 5 _ 5 _ 5,0.018289526611097125,1.047095
29,fft_7_8_5_7_7_7.txt,7 _ 8 _ 5 _ 7 _ 7 _ 7,0.018289526611097125,1.047095
30,fft_8_5_3_3_4_6.txt,8 _ 5 _ 3 _ 3 _ 4 _ 6,0.018289526611097125,1.047095
31,fft_8_5_3_3_5_7.txt,8 _ 5 _ 3 _ 3 _ 5 _ 7,0.018289526611097125,1.047095
32,fft_8_5_3_5_6_7.txt,8 _ 5 _ 3 _ 5 _ 6 _ 7,0.018289526611097125,1.047095
33,fft_8_5_3_5_7_7.txt,8 _ 5 _ 3 _ 5 _ 7 _ 7,0.018289526611097125,1.047095
34,fft_8_5_4_5_6_7.txt,8 _ 5 _ 4 _ 5 _ 6 _ 7,0.018289526611097125,1.047095
35,fft_8_5_4_5_7_7.txt,8 _ 5 _ 4 _ 5 _ 7 _ 7,0.018289526611097125,1.047095
36,fft_8_8_3_5_5_5.txt,8 _ 8 _ 3 _ 5 _ 5 _ 5,0.018289526611097125,1.047095
37,fft_8_8_5_5_5_7.txt,8 _ 8 _ 5 _ 5 _ 5 _ 7,0.018289526611097125,1.047095
38,fft_8_8_5_6_7_7.txt,8 _ 8 _ 5 _ 6 _ 7 _ 7,0.018289526611097125,1.047095
39,fft_8_8_5_6_8_9.txt,8 _ 8 _ 5 _ 6 _ 8 _ 9,0.018289526611097125,1.047095
40,fft_8_8_6_7_8_8.txt,8 _ 8 _ 6 _ 7 _ 8 _ 8,0.018289526611097125,1.047095
41,fft_8_9_3_4_4_4.txt,8 _ 9 _ 3 _ 4 _ 4 _ 4,0.018289526611097125,1.047095
42,fft_8_9_3_5_7_7.txt,8 _ 9 _ 3 _ 5 _ 7 _ 7,0.018289526611097125,1.047095
43,fft_8_9_4_4_4_5.txt,8 _ 9 _ 4 _ 4 _ 4 _ 5,0.018289526611097125,1.047095
44,fft_8_9_5_7_7_8.txt,8 _ 9 _ 5 _ 7 _ 7 _ 8,0.018289526611097125,1.047095
45,fft_8_9_5_7_9_9.txt,8 _ 9 _ 5 _ 7 _ 9 _ 9,0.018289526611097125,1.047095
46,fft_8_9_7_7_7_7.txt,8 _ 9 _ 7 _ 7 _ 7 _ 7,0.018289526611097125,1.047095
47,fft_10_9_3_3_5_6.txt,1 0 _ 9 _ 3 _ 3 _ 5 _ 6,0.018289526611097125,1.047095
48,fft_10_9_3_5_5_5.txt,1 0 _ 9 _ 3 _ 5 _ 5 _ 5,0.018289526611097125,1.047095
49,fft_10_9_8_8_8_8.txt,1 0 _ 9 _ 8 _ 8 _ 8 _ 8,0.018289526611097125,1.047095
50,fft_15_6_3_3_5_5.txt,1 5 _ 6 _ 3 _ 3 _ 5 _ 5,0.018289526611097125,1.047095
51,fft_15_6_3_3_5_7.txt,1 5 _ 6 _ 3 _ 3 _ 5 _ 7,0.018289526611097125,1.047095
52,fft_15_6_4_5_6_8.txt,1 5 _ 6 _ 4 _ 5 _ 6 _ 8,0.018289526611097125,1.047095
53,fft_15_6_5_7_7_8.txt,1 5 _ 6 _ 5 _ 7 _ 7 _ 8,0.018289526611097125,1.047095
54,fft_15_7_3_3_4_5.txt,1 5 _ 7 _ 3 _ 3 _ 4 _ 5,0.018289526611097125,1.047095
55,fft_15_7_3_3_5_5.txt,1 5 _ 7 _ 3 _ 3 _ 5 _ 5,0.018289526611097125,1.047095
56,fft_15_7_4_4_6_8.txt,1 5 _ 7 _ 4 _ 4 _ 6 _ 8,0.018289526611097125,1.047095
57,fft_15_7_4_5_5_6.txt,1 5 _ 7 _ 4 _ 5 _ 5 _ 6,0.018289526611097125,1.047095
58,fft_15_7_5_5_5_7.txt,1 5 _ 7 _ 5 _ 5 _ 5 _ 7,0.018289526611097125,1.047095
59,fft_15_7_6_7_7_8.txt,1 5 _ 7 _ 6 _ 7 _ 7 _ 8,0.018289526611097125,1.047095
60,fft_15_7_7_9_9_9.txt,1 5 _ 7 _ 7 _ 9 _ 9 _ 9,0.018289526611097125,1.047095
61,fft_15_9_4_5_7_9.txt,1 5 _ 9 _ 4 _ 5 _ 7 _ 9,0.018289526611097125,1.047095
62,fft_15_9_5_6_7_8.txt,1 5 _ 9 _ 5 _ 6 _ 7 _ 8,0.018289526611097125,1.047095
63,fft_15_9_7_7_7_7.txt,1 5 _ 9 _ 7 _ 7 _ 7 _ 7,0.018289526611097125,1.047095
64,fft_15_9_7_7_8_9.txt,1 5 _ 9 _ 7 _ 7 _ 8 _ 9,0.018289526611097125,1.047095
65,fft_5_7_8_8_9_11.txt,5 _ 7 _ 8 _ 8 _ 9 _ 1 1,0.018289526611097125,1.047095
66,fft_6_10_3_3_5_7.txt,6 _ 1 0 _ 3 _ 3 _ 5 _ 7,0.020222559270550507,1.051571
67,fft_6_10_5_7_7_7.txt,6 _ 1 0 _ 5 _ 7 _ 7 _ 7,0.01621534571784341,1.041602
68,fft_6_11_3_3_5_7.txt,6 _ 1 1 _ 3 _ 3 _ 5 _ 7,0.017266301245010867,1.044324
69,fft_6_11_3_4_4_4.txt,6 _ 1 1 _ 3 _ 4 _ 4 _ 4,0.025341587631025286,1.06442
70,fft_6_11_4_5_6_8.txt,6 _ 1 1 _ 4 _ 5 _ 6 _ 8,0.015048720696096852,1.038944
71,fft_6_11_4_6_6_7.txt,6 _ 1 1 _ 4 _ 6 _ 6 _ 7,0.015487121820188743,1.039868
72,fft_6_11_5_6_7_7.txt,6 _ 1 1 _ 5 _ 6 _ 7 _ 7,0.01522806147422884,1.039407
73,fft_6_11_5_7_7_7.txt,6 _ 1 1 _ 5 _ 7 _ 7 _ 7,0.015085108519888696,1.039071
74,fft_6_11_5_7_7_9.txt,6 _ 1 1 _ 5 _ 7 _ 7 _ 9,0.014628073090049492,1.037957
75,fft_6_11_5_7_8_8.txt,6 _ 1 1 _ 5 _ 7 _ 8 _ 8,0.014473754831960325,1.037588
76,fft_6_11_5_7_8_9.txt,6 _ 1 1 _ 5 _ 7 _ 8 _ 9,0.014304166228944506,1.037222
77,fft_6_11_6_6_8_8.txt,6 _ 1 1 _ 6 _ 6 _ 8 _ 8,0.014548094403093823,1.037791
78,fft_6_11_6_6_8_9.txt,6 _ 1 1 _ 6 _ 6 _ 8 _ 9,0.01458581972257542,1.037824
79,fft_6_11_6_7_7_7.txt,6 _ 1 1 _ 6 _ 7 _ 7 _ 7,0.015072355933915628,1.039025
80,fft_6_11_6_7_7_8.txt,6 _ 1 1 _ 6 _ 7 _ 7 _ 8,0.014753425113292475,1.038237
81,fft_6_11_6_7_7_9.txt,6 _ 1 1 _ 6 _ 7 _ 7 _ 9,0.014589365153906773,1.037908
82,fft_6_8_7_7_9_11.txt,6 _ 8 _ 7 _ 7 _ 9 _ 1 1,0.02446475916915426,1.062335
83,fft_7_15_4_4_5_6.txt,7 _ 1 5 _ 4 _ 4 _ 5 _ 6,0.018289526611097125,1.047095
84,fft_7_15_4_6_7_7.txt,7 _ 1 5 _ 4 _ 6 _ 7 _ 7,0.018289526611097125,1.047095
85,fft_7_15_4_6_7_9.txt,7 _ 1 5 _ 4 _ 6 _ 7 _ 9,0.018289526611097125,1.047095
86,fft_7_15_5_6_6_6.txt,7 _ 1 5 _ 5 _ 6 _ 6 _ 6,0.018289526611097125,1.047095
87,fft_7_15_6_7_8_8.txt,7 _ 1 5 _ 6 _ 7 _ 8 _ 8,0.018289526611097125,1.047095
88,fft_7_15_7_7_9_9.txt,7 _ 1 5 _ 7 _ 7 _ 9 _ 9,0.018289526611097125,1.047095
89,fft_7_6_5_6_8_10.txt,7 _ 6 _ 5 _ 6 _ 8 _ 1 0,0.018289526611097125,1.047095
90,fft_7_6_6_7_9_10.txt,7 _ 6 _ 6 _ 7 _ 9 _ 1 0,0.018289526611097125,1.047095
91,fft_7_6_8_8_8_10.txt,7 _ 6 _ 8 _ 8 _ 8 _ 1 0,0.018289526611097125,1.047095
92,fft_7_6_8_9_9_11.txt,7 _ 6 _ 8 _ 9 _ 9 _ 1 1,0.018289526611097125,1.047095
93,fft_7_7_6_6_8_10.txt,7 _ 7 _ 6 _ 6 _ 8 _ 1 0,0.018289526611097125,1.047095
94,fft_7_7_6_8_8_10.txt,7 _ 7 _ 6 _ 8 _ 8 _ 1 0,0.018289526611097125,1.047095
95,fft_7_8_5_7_8_10.txt,7 _ 8 _ 5 _ 7 _ 8 _ 1 0,0.018289526611097125,1.047095
96,fft_7_8_5_7_9_10.txt,7 _ 8 _ 5 _ 7 _ 9 _ 1 0,0.018289526611097125,1.047095
97,fft_7_8_5_7_9_11.txt,7 _ 8 _ 5 _ 7 _ 9 _ 1 1,0.018289526611097125,1.047095
98,fft_7_8_6_7_9_11.txt,7 _ 8 _ 6 _ 7 _ 9 _ 1 1,0.018289526611097125,1.047095
99,fft_7_8_6_8_9_10.txt,7 _ 8 _ 6 _ 8 _ 9 _ 1 0,0.018289526611097125,1.047095
100,fft_7_8_7_8_8_10.txt,7 _ 8 _ 7 _ 8 _ 8 _ 1 0,0.018289526611097125,1.047095
101,fft_7_8_7_8_9_11.txt,7 _ 8 _ 7 _ 8 _ 9 _ 1 1,0.018289526611097125,1.047095
102,fft_7_8_8_8_9_11.txt,7 _ 8 _ 8 _ 8 _ 9 _ 1 1,0.018289526611097125,1.047095
103,fft_8_12_3_3_5_7.txt,8 _ 1 2 _ 3 _ 3 _ 5 _ 7,0.018289526611097125,1.047095
104,fft_8_12_3_5_5_6.txt,8 _ 1 2 _ 3 _ 5 _ 5 _ 6,0.018289526611097125,1.047095
105,fft_8_12_3_5_6_7.txt,8 _ 1 2 _ 3 _ 5 _ 6 _ 7,0.018289526611097125,1.047095
106,fft_8_12_4_6_6_8.txt,8 _ 1 2 _ 4 _ 6 _ 6 _ 8,0.018289526611097125,1.047095
107,fft_8_12_6_7_7_9.txt,8 _ 1 2 _ 6 _ 7 _ 7 _ 9,0.018289526611097125,1.047095
108,fft_8_13_3_4_5_6.txt,8 _ 1 3 _ 3 _ 4 _ 5 _ 6,0.018289526611097125,1.047095
109,fft_8_13_3_5_5_5.txt,8 _ 1 3 _ 3 _ 5 _ 5 _ 5,0.018289526611097125,1.047095
110,fft_8_13_4_4_5_5.txt,8 _ 1 3 _ 4 _ 4 _ 5 _ 5,0.018289526611097125,1.047095
111,fft_8_13_4_6_7_9.txt,8 _ 1 3 _ 4 _ 6 _ 7 _ 9,0.018289526611097125,1.047095
112,fft_8_15_3_5_7_8.txt,8 _ 1 5 _ 3 _ 5 _ 7 _ 8,0.018289526611097125,1.047095
113,fft_8_15_4_4_6_8.txt,8 _ 1 5 _ 4 _ 4 _ 6 _ 8,0.018289526611097125,1.047095
114,fft_8_15_4_6_6_7.txt,8 _ 1 5 _ 4 _ 6 _ 6 _ 7,0.018289526611097125,1.047095
115,fft_8_15_4_6_7_8.txt,8 _ 1 5 _ 4 _ 6 _ 7 _ 8,0.018289526611097125,1.047095
116,fft_8_15_5_5_6_6.txt,8 _ 1 5 _ 5 _ 5 _ 6 _ 6,0.018289526611097125,1.047095
117,fft_8_8_7_8_8_10.txt,8 _ 8 _ 7 _ 8 _ 8 _ 1 0,0.018289526611097125,1.047095
118,fft_8_8_8_9_9_11.txt,8 _ 8 _ 8 _ 9 _ 9 _ 1 1,0.018289526611097125,1.047095
119,fft_8_9_7_9_9_10.txt,8 _ 9 _ 7 _ 9 _ 9 _ 1 0,0.018289526611097125,1.047095
120,fft_10_10_4_6_7_8.txt,1 0 _ 1 0 _ 4 _ 6 _ 7 _ 8,0.018289526611097125,1.047095
121,fft_10_10_8_8_8_9.txt,1 0 _ 1 0 _ 8 _ 8 _ 8 _ 9,0.018289526611097125,1.047095
122,fft_10_12_5_6_6_8.txt,1 0 _ 1 2 _ 5 _ 6 _ 6 _ 8,0.018289526611097125,1.047095
123,fft_10_12_8_8_9_9.txt,1 0 _ 1 2 _ 8 _ 8 _ 9 _ 9,0.018289526611097125,1.047095
124,fft_10_13_3_3_4_6.txt,1 0 _ 1 3 _ 3 _ 3 _ 4 _ 6,0.018289526611097125,1.047095
125,fft_10_13_3_3_5_5.txt,1 0 _ 1 3 _ 3 _ 3 _ 5 _ 5,0.018289526611097125,1.047095
126,fft_10_13_3_4_5_7.txt,1 0 _ 1 3 _ 3 _ 4 _ 5 _ 7,0.018289526611097125,1.047095
127,fft_10_13_4_4_6_6.txt,1 0 _ 1 3 _ 4 _ 4 _ 6 _ 6,0.018289526611097125,1.047095
128,fft_10_13_5_5_5_6.txt,1 0 _ 1 3 _ 5 _ 5 _ 5 _ 6,0.018289526611097125,1.047095
129,fft_10_13_5_5_6_8.txt,1 0 _ 1 3 _ 5 _ 5 _ 6 _ 8,0.018289526611097125,1.047095
130,fft_10_13_5_6_7_9.txt,1 0 _ 1 3 _ 5 _ 6 _ 7 _ 9,0.018289526611097125,1.047095
131,fft_10_13_5_6_8_9.txt,1 0 _ 1 3 _ 5 _ 6 _ 8 _ 9,0.018289526611097125,1.047095
132,fft_10_13_6_6_7_9.txt,1 0 _ 1 3 _ 6 _ 6 _ 7 _ 9,0.018289526611097125,1.047095
133,fft_10_13_6_7_8_8.txt,1 0 _ 1 3 _ 6 _ 7 _ 8 _ 8,0.018289526611097125,1.047095
134,fft_10_13_7_8_8_9.txt,1 0 _ 1 3 _ 7 _ 8 _ 8 _ 9,0.018289526611097125,1.047095
135,fft_10_13_8_9_9_9.txt,1 0 _ 1 3 _ 8 _ 9 _ 9 _ 9,0.018289526611097125,1.047095
136,fft_10_14_3_4_6_6.txt,1 0 _ 1 4 _ 3 _ 4 _ 6 _ 6,0.018289526611097125,1.047095
137,fft_10_14_3_5_7_7.txt,1 0 _ 1 4 _ 3 _ 5 _ 7 _ 7,0.018289526611097125,1.047095
138,fft_10_14_4_6_6_8.txt,1 0 _ 1 4 _ 4 _ 6 _ 6 _ 8,0.018289526611097125,1.047095
139,fft_10_9_4_6_8_10.txt,1 0 _ 9 _ 4 _ 6 _ 8 _ 1 0,0.018289526611097125,1.047095
140,fft_10_9_5_7_9_11.txt,1 0 _ 9 _ 5 _ 7 _ 9 _ 1 1,0.018289526611097125,1.047095
141,fft_10_9_8_8_8_10.txt,1 0 _ 9 _ 8 _ 8 _ 8 _ 1 0,0.018289526611097125,1.047095
142,fft_15_10_3_4_4_6.txt,1 5 _ 1 0 _ 3 _ 4 _ 4 _ 6,0.018289526611097125,1.047095
143,fft_15_10_3_4_5_7.txt,1 5 _ 1 0 _ 3 _ 4 _ 5 _ 7,0.018289526611097125,1.047095
144,fft_15_10_3_5_5_7.txt,1 5 _ 1 0 _ 3 _ 5 _ 5 _ 7,0.018289526611097125,1.047095
145,fft_15_10_4_5_5_6.txt,1 5 _ 1 0 _ 4 _ 5 _ 5 _ 6,0.018289526611097125,1.047095
146,fft_15_10_4_5_6_7.txt,1 5 _ 1 0 _ 4 _ 5 _ 6 _ 7,0.018289526611097125,1.047095
147,fft_15_10_4_6_6_6.txt,1 5 _ 1 0 _ 4 _ 6 _ 6 _ 6,0.021216598319268698,1.061681
148,fft_15_10_5_5_6_6.txt,1 5 _ 1 0 _ 5 _ 5 _ 6 _ 6,0.018289526611097125,1.047095
149,fft_15_10_5_6_7_8.txt,1 5 _ 1 0 _ 5 _ 6 _ 7 _ 8,0.018289526611097125,1.047095
150,fft_15_12_3_5_5_6.txt,1 5 _ 1 2 _ 3 _ 5 _ 5 _ 6,0.018289526611097125,1.047095
151,fft_15_12_3_5_7_7.txt,1 5 _ 1 2 _ 3 _ 5 _ 7 _ 7,0.018289526611097125,1.047095
152,fft_15_12_4_4_5_6.txt,1 5 _ 1 2 _ 4 _ 4 _ 5 _ 6,0.018289526611097125,1.047095
153,fft_15_12_5_5_7_8.txt,1 5 _ 1 2 _ 5 _ 5 _ 7 _ 8,0.018289526611097125,1.047095
154,fft_15_12_6_6_8_8.txt,1 5 _ 1 2 _ 6 _ 6 _ 8 _ 8,0.018289526611097125,1.047095
155,fft_15_6_7_7_8_10.txt,1 5 _ 6 _ 7 _ 7 _ 8 _ 1 0,0.018289526611097125,1.047095
156,fft_15_6_7_8_9_11.txt,1 5 _ 6 _ 7 _ 8 _ 9 _ 1 1,0.018289526611097125,1.047095
157,fft_15_6_9_9_9_10.txt,1 5 _ 6 _ 9 _ 9 _ 9 _ 1 0,0.018289526611097125,1.047095
158,fft_15_9_6_6_8_10.txt,1 5 _ 9 _ 6 _ 6 _ 8 _ 1 0,0.018289526611097125,1.047095
159,fft_15_9_9_9_9_11.txt,1 5 _ 9 _ 9 _ 9 _ 9 _ 1 1,0.018289526611097125,1.047095
160,fft_5_7_8_8_10_12.txt,5 _ 7 _ 8 _ 8 _ 1 0 _ 1 2,0.018317468684286926,1.047119
161,fft_5_7_8_9_10_11.txt,5 _ 7 _ 8 _ 9 _ 1 0 _ 1 1,0.018289526611097125,1.047095
162,fft_6_10_4_6_8_10.txt,6 _ 1 0 _ 4 _ 6 _ 8 _ 1 0,0.015355431175107598,1.039631
163,fft_6_11_5_7_8_10.txt,6 _ 1 1 _ 5 _ 7 _ 8 _ 1 0,0.014290343111446578,1.037193
164,fft_6_11_5_7_9_10.txt,6 _ 1 1 _ 5 _ 7 _ 9 _ 1 0,0.014425700051274967,1.037549
165,fft_6_11_6_7_9_11.txt,6 _ 1 1 _ 6 _ 7 _ 9 _ 1 1,0.014393168414669711,1.037463
166,fft_6_11_9_9_9_11.txt,6 _ 1 1 _ 9 _ 9 _ 9 _ 1 1,0.014330273473661987,1.037317
167,fft_6_8_8_9_10_12.txt,6 _ 8 _ 8 _ 9 _ 1 0 _ 1 2,0.024771400059620245,1.063133
168,fft_7_6_9_9_11_13.txt,7 _ 6 _ 9 _ 9 _ 1 1 _ 1 3,0.018289526611097125,1.047095
169,fft_7_7_6_8_10_10.txt,7 _ 7 _ 6 _ 8 _ 1 0 _ 1 0,0.018289526611097125,1.047095
170,fft_7_7_7_8_10_12.txt,7 _ 7 _ 7 _ 8 _ 1 0 _ 1 2,0.018289526611097125,1.047095
171,fft_7_8_7_8_10_11.txt,7 _ 8 _ 7 _ 8 _ 1 0 _ 1 1,0.018289526611097125,1.047095
172,fft_7_8_7_9_11_12.txt,7 _ 8 _ 7 _ 9 _ 1 1 _ 1 2,0.018289526611097125,1.047095
173,fft_7_8_8_8_10_12.txt,7 _ 8 _ 8 _ 8 _ 1 0 _ 1 2,0.018289526611097125,1.047095
174,fft_7_8_8_9_10_10.txt,7 _ 8 _ 8 _ 9 _ 1 0 _ 1 0,0.018289526611097125,1.047095
175,fft_7_8_8_9_10_11.txt,7 _ 8 _ 8 _ 9 _ 1 0 _ 1 1,0.018289526611097125,1.047095
176,fft_8_12_6_7_9_11.txt,8 _ 1 2 _ 6 _ 7 _ 9 _ 1 1,0.018289526611097125,1.047095
177,fft_8_15_6_8_8_10.txt,8 _ 1 5 _ 6 _ 8 _ 8 _ 1 0,0.018289526611097125,1.047095
178,fft_8_5_7_8_10_10.txt,8 _ 5 _ 7 _ 8 _ 1 0 _ 1 0,0.018289526611097125,1.047095
179,fft_8_9_8_9_11_13.txt,8 _ 9 _ 8 _ 9 _ 1 1 _ 1 3,0.018289526611097125,1.047095
180,fft_10_10_5_7_8_10.txt,1 0 _ 1 0 _ 5 _ 7 _ 8 _ 1 0,0.018289526611097125,1.047095
181,fft_10_10_8_9_9_11.txt,1 0 _ 1 0 _ 8 _ 9 _ 9 _ 1 1,0.018289526611097125,1.047095
182,fft_10_10_9_9_9_10.txt,1 0 _ 1 0 _ 9 _ 9 _ 9 _ 1 0,0.018289526611097125,1.047095
183,fft_10_12_4_6_8_10.txt,1 0 _ 1 2 _ 4 _ 6 _ 8 _ 1 0,0.018289526611097125,1.047095
184,fft_10_12_7_8_9_10.txt,1 0 _ 1 2 _ 7 _ 8 _ 9 _ 1 0,0.012725028009643282,1.033335
185,fft_10_12_9_9_9_10.txt,1 0 _ 1 2 _ 9 _ 9 _ 9 _ 1 0,0.018289526611097125,1.047095
186,fft_10_13_7_7_8_10.txt,1 0 _ 1 3 _ 7 _ 7 _ 8 _ 1 0,0.018289526611097125,1.047095
187,fft_10_14_8_9_9_10.txt,1 0 _ 1 4 _ 8 _ 9 _ 9 _ 1 0,0.018289526611097125,1.047095
188,fft_10_9_6_8_10_12.txt,1 0 _ 9 _ 6 _ 8 _ 1 0 _ 1 2,0.018289526611097125,1.047095
189,fft_10_9_8_9_10_10.txt,1 0 _ 9 _ 8 _ 9 _ 1 0 _ 1 0,0.018289526611097125,1.047095
190,fft_10_9_9_9_10_12.txt,1 0 _ 9 _ 9 _ 9 _ 1 0 _ 1 2,0.018289526611097125,1.047095
191,fft_15_10_6_7_8_10.txt,1 5 _ 1 0 _ 6 _ 7 _ 8 _ 1 0,0.018289526611097125,1.047095
192,fft_15_10_7_7_9_10.txt,1 5 _ 1 0 _ 7 _ 7 _ 9 _ 1 0,0.018289526611097125,1.047095
193,fft_15_10_8_9_9_11.txt,1 5 _ 1 0 _ 8 _ 9 _ 9 _ 1 1,0.018289526611097125,1.047095
194,fft_15_10_9_9_9_11.txt,1 5 _ 1 0 _ 9 _ 9 _ 9 _ 1 1,0.018289526611097125,1.047095
195,fft_15_12_7_7_9_11.txt,1 5 _ 1 2 _ 7 _ 7 _ 9 _ 1 1,0.018289526611097125,1.047095
196,fft_15_6_9_9_10_11.txt,1 5 _ 6 _ 9 _ 9 _ 1 0 _ 1 1,0.018289526611097125,1.047095
197,fft_15_9_7_9_11_13.txt,1 5 _ 9 _ 7 _ 9 _ 1 1 _ 1 3,0.018289526611097125,1.047095
198,fft_6_10_7_9_11_12.txt,6 _ 1 0 _ 7 _ 9 _ 1 1 _ 1 2,0.014973564239414148,1.038727
199,fft_6_11_6_8_10_10.txt,6 _ 1 1 _ 6 _ 8 _ 1 0 _ 1 0,0.014196698902426136,1.036969
200,fft_6_11_6_8_10_11.txt,6 _ 1 1 _ 6 _ 8 _ 1 0 _ 1 1,0.014272813849880881,1.037017
201,fft_6_11_7_9_11_13.txt,6 _ 1 1 _ 7 _ 9 _ 1 1 _ 1 3,0.014007748619692747,1.036511
202,fft_6_11_8_9_11_11.txt,6 _ 1 1 _ 8 _ 9 _ 1 1 _ 1 1,0.014174228583224022,1.036907
203,fft_6_8_9_10_10_11.txt,6 _ 8 _ 9 _ 1 0 _ 1 0 _ 1 1,0.02419602163173221,1.061611
204,fft_6_8_9_10_10_12.txt,6 _ 8 _ 9 _ 1 0 _ 1 0 _ 1 2,0.024032305307212933,1.061149
205,fft_6_8_9_11_11_11.txt,6 _ 8 _ 9 _ 1 1 _ 1 1 _ 1 1,0.02387012428587448,1.060735
206,fft_6_8_9_11_13_14.txt,6 _ 8 _ 9 _ 1 1 _ 1 3 _ 1 4,0.024067012669038233,1.061266
207,fft_7_15_7_8_10_10.txt,7 _ 1 5 _ 7 _ 8 _ 1 0 _ 1 0,0.018289526611097125,1.047095
208,fft_7_15_8_9_10_12.txt,7 _ 1 5 _ 8 _ 9 _ 1 0 _ 1 2,0.018289526611097125,1.047095
209,fft_7_7_9_10_10_12.txt,7 _ 7 _ 9 _ 1 0 _ 1 0 _ 1 2,0.018289526611097125,1.047095
210,fft_7_8_9_10_10_12.txt,7 _ 8 _ 9 _ 1 0 _ 1 0 _ 1 2,0.018289526611097125,1.047095
211,fft_7_8_9_10_11_13.txt,7 _ 8 _ 9 _ 1 0 _ 1 1 _ 1 3,0.018289526611097125,1.047095
212,fft_7_8_9_10_12_12.txt,7 _ 8 _ 9 _ 1 0 _ 1 2 _ 1 2,0.018289526611097125,1.047095
213,fft_8_12_6_8_10_10.txt,8 _ 1 2 _ 6 _ 8 _ 1 0 _ 1 0,0.018289526611097125,1.047095
214,fft_8_12_8_9_11_13.txt,8 _ 1 2 _ 8 _ 9 _ 1 1 _ 1 3,0.018289526611097125,1.047095
215,fft_8_13_8_8_10_10.txt,8 _ 1 3 _ 8 _ 8 _ 1 0 _ 1 0,0.018289526611097125,1.047095
216,fft_8_15_6_8_10_12.txt,8 _ 1 5 _ 6 _ 8 _ 1 0 _ 1 2,0.018289526611097125,1.047095
217,fft_8_15_8_9_11_11.txt,8 _ 1 5 _ 8 _ 9 _ 1 1 _ 1 1,0.018289526611097125,1.047095
218,fft_8_15_9_9_10_12.txt,8 _ 1 5 _ 9 _ 9 _ 1 0 _ 1 2,0.018289526611097125,1.047095
219,fft_8_5_8_10_10_10.txt,8 _ 5 _ 8 _ 1 0 _ 1 0 _ 1 0,0.018289526611097125,1.047095
220,fft_8_5_8_10_11_13.txt,8 _ 5 _ 8 _ 1 0 _ 1 1 _ 1 3,0.018289526611097125,1.047095
221,fft_10_10_8_8_10_12.txt,1 0 _ 1 0 _ 8 _ 8 _ 1 0 _ 1 2,0.018289526611097125,1.047095
222,fft_10_10_9_9_10_10.txt,1 0 _ 1 0 _ 9 _ 9 _ 1 0 _ 1 0,0.018289526611097125,1.047095
223,fft_10_12_7_8_10_11.txt,1 0 _ 1 2 _ 7 _ 8 _ 1 0 _ 1 1,0.018289526611097125,1.047095
224,fft_10_12_8_9_10_10.txt,1 0 _ 1 2 _ 8 _ 9 _ 1 0 _ 1 0,0.018289526611097125,1.047095
225,fft_10_13_6_8_10_10.txt,1 0 _ 1 3 _ 6 _ 8 _ 1 0 _ 1 0,0.018289526611097125,1.047095
226,fft_10_13_7_9_11_13.txt,1 0 _ 1 3 _ 7 _ 9 _ 1 1 _ 1 3,0.018289526611097125,1.047095
227,fft_10_13_8_9_10_11.txt,1 0 _ 1 3 _ 8 _ 9 _ 1 0 _ 1 1,0.018289526611097125,1.047095
228,fft_10_13_9_9_11_11.txt,1 0 _ 1 3 _ 9 _ 9 _ 1 1 _ 1 1,0.018289526611097125,1.047095
229,fft_10_14_7_8_10_11.txt,1 0 _ 1 4 _ 7 _ 8 _ 1 0 _ 1 1,0.018289526611097125,1.047095
230,fft_10_14_7_9_10_12.txt,1 0 _ 1 4 _ 7 _ 9 _ 1 0 _ 1 2,0.018289526611097125,1.047095
231,fft_10_9_8_10_12_14.txt,1 0 _ 9 _ 8 _ 1 0 _ 1 2 _ 1 4,0.018289526611097125,1.047095
232,fft_15_10_7_8_10_10.txt,1 5 _ 1 0 _ 7 _ 8 _ 1 0 _ 1 0,0.018289526611097125,1.047095
233,fft_15_10_7_8_10_12.txt,1 5 _ 1 0 _ 7 _ 8 _ 1 0 _ 1 2,0.018289526611097125,1.047095
234,fft_15_10_7_9_10_12.txt,1 5 _ 1 0 _ 7 _ 9 _ 1 0 _ 1 2,0.018289526611097125,1.047095
235,fft_15_10_9_9_10_10.txt,1 5 _ 1 0 _ 9 _ 9 _ 1 0 _ 1 0,0.018289526611097125,1.047095
236,fft_15_6_9_10_12_13.txt,1 5 _ 6 _ 9 _ 1 0 _ 1 2 _ 1 3,0.018289526611097125,1.047095
237,fft_15_7_9_11_11_13.txt,1 5 _ 7 _ 9 _ 1 1 _ 1 1 _ 1 3,0.018289526611097125,1.047095
238,fft_15_9_8_10_12_12.txt,1 5 _ 9 _ 8 _ 1 0 _ 1 2 _ 1 2,0.018289526611097125,1.047095
239,fft_15_9_9_11_12_14.txt,1 5 _ 9 _ 9 _ 1 1 _ 1 2 _ 1 4,0.018289526611097125,1.047095
240,fft_5_7_10_11_13_13.txt,5 _ 7 _ 1 0 _ 1 1 _ 1 3 _ 1 3,0.018289526611097125,1.047095
241,fft_5_7_10_12_12_13.txt,5 _ 7 _ 1 0 _ 1 2 _ 1 2 _ 1 3,0.018289526611097125,1.047095
242,fft_6_10_9_10_11_12.txt,6 _ 1 0 _ 9 _ 1 0 _ 1 1 _ 1 2,0.014912597630656305,1.038584
243,fft_6_10_9_11_11_13.txt,6 _ 1 0 _ 9 _ 1 1 _ 1 1 _ 1 3,0.014980430361220893,1.038748
244,fft_6_10_9_11_13_15.txt,6 _ 1 0 _ 9 _ 1 1 _ 1 3 _ 1 5,0.014940274960597954,1.038621
245,fft_6_11_8_10_11_11.txt,6 _ 1 1 _ 8 _ 1 0 _ 1 1 _ 1 1,0.01412543971965719,1.036796
246,fft_6_11_9_11_12_12.txt,6 _ 1 1 _ 9 _ 1 1 _ 1 2 _ 1 2,0.014003045295757166,1.036539
247,fft_6_8_10_10_10_11.txt,6 _ 8 _ 1 0 _ 1 0 _ 1 0 _ 1 1,0.024139571466463734,1.061505
248,fft_6_8_10_10_12_14.txt,6 _ 8 _ 1 0 _ 1 0 _ 1 2 _ 1 4,0.023865969159758277,1.060799
249,fft_6_8_10_12_12_14.txt,6 _ 8 _ 1 0 _ 1 2 _ 1 2 _ 1 4,0.023914154092030016,1.060874
250,fft_6_8_10_12_13_15.txt,6 _ 8 _ 1 0 _ 1 2 _ 1 3 _ 1 5,0.024133648568993266,1.061485
251,fft_6_8_10_12_14_14.txt,6 _ 8 _ 1 0 _ 1 2 _ 1 4 _ 1 4,0.023763033778788953,1.060527
252,fft_7_15_8_10_11_12.txt,7 _ 1 5 _ 8 _ 1 0 _ 1 1 _ 1 2,0.018289526611097125,1.047095
253,fft_7_8_10_10_10_11.txt,7 _ 8 _ 1 0 _ 1 0 _ 1 0 _ 1 1,0.018289526611097125,1.047095
254,fft_7_8_10_11_11_13.txt,7 _ 8 _ 1 0 _ 1 1 _ 1 1 _ 1 3,0.018289526611097125,1.047095
255,fft_7_8_10_11_12_13.txt,7 _ 8 _ 1 0 _ 1 1 _ 1 2 _ 1 3,0.018289526611097125,1.047095
256,fft_7_8_10_11_13_13.txt,7 _ 8 _ 1 0 _ 1 1 _ 1 3 _ 1 3,0.018289526611097125,1.047095
257,fft_7_8_10_12_13_15.txt,7 _ 8 _ 1 0 _ 1 2 _ 1 3 _ 1 5,0.018289526611097125,1.047095
258,fft_8_13_8_10_12_12.txt,8 _ 1 3 _ 8 _ 1 0 _ 1 2 _ 1 2,0.018289526611097125,1.047095
259,fft_8_13_8_10_12_13.txt,8 _ 1 3 _ 8 _ 1 0 _ 1 2 _ 1 3,0.018289526611097125,1.047095
260,fft_8_13_9_11_11_12.txt,8 _ 1 3 _ 9 _ 1 1 _ 1 1 _ 1 2,0.018289526611097125,1.047095
261,fft_8_13_9_11_12_12.txt,8 _ 1 3 _ 9 _ 1 1 _ 1 2 _ 1 2,0.018289526611097125,1.047095
262,fft_8_15_9_10_10_10.txt,8 _ 1 5 _ 9 _ 1 0 _ 1 0 _ 1 0,0.018289526611097125,1.047095
263,fft_8_5_10_11_12_12.txt,8 _ 5 _ 1 0 _ 1 1 _ 1 2 _ 1 2,0.018289526611097125,1.047095
264,fft_8_8_10_11_13_14.txt,8 _ 8 _ 1 0 _ 1 1 _ 1 3 _ 1 4,0.018289526611097125,1.047095
265,fft_8_8_10_12_12_14.txt,8 _ 8 _ 1 0 _ 1 2 _ 1 2 _ 1 4,0.018289526611097125,1.047095
266,fft_8_8_10_12_14_15.txt,8 _ 8 _ 1 0 _ 1 2 _ 1 4 _ 1 5,0.018289526611097125,1.047095
267,fft_8_9_10_11_11_11.txt,8 _ 9 _ 1 0 _ 1 1 _ 1 1 _ 1 1,0.018289526611097125,1.047095
268,fft_8_9_10_11_11_13.txt,8 _ 9 _ 1 0 _ 1 1 _ 1 1 _ 1 3,0.018289526611097125,1.047095
269,fft_10_13_8_10_12_12.txt,1 0 _ 1 3 _ 8 _ 1 0 _ 1 2 _ 1 2,0.018289526611097125,1.047095
270,fft_10_14_8_10_10_11.txt,1 0 _ 1 4 _ 8 _ 1 0 _ 1 0 _ 1 1,0.018289526611097125,1.047095
271,fft_10_14_9_11_11_11.txt,1 0 _ 1 4 _ 9 _ 1 1 _ 1 1 _ 1 1,0.018289526611097125,1.047095
272,fft_10_14_9_11_11_13.txt,1 0 _ 1 4 _ 9 _ 1 1 _ 1 1 _ 1 3,0.018289526611097125,1.047095
273,fft_15_10_9_11_13_13.txt,1 5 _ 1 0 _ 9 _ 1 1 _ 1 3 _ 1 3,0.018289526611097125,1.047095
274,fft_15_12_8_10_10_12.txt,1 5 _ 1 2 _ 8 _ 1 0 _ 1 0 _ 1 2,0.018289526611097125,1.047095
275,fft_15_6_10_11_12_14.txt,1 5 _ 6 _ 1 0 _ 1 1 _ 1 2 _ 1 4,0.018289526611097125,1.047095
276,fft_15_7_10_12_14_15.txt,1 5 _ 7 _ 1 0 _ 1 2 _ 1 4 _ 1 5,0.018289526611097125,1.047095
277,fft_15_9_10_12_12_12.txt,1 5 _ 9 _ 1 0 _ 1 2 _ 1 2 _ 1 2,0.018289526611097125,1.047095
278,fft_6_10_10_10_12_14.txt,6 _ 1 0 _ 1 0 _ 1 0 _ 1 2 _ 1 4,0.014849512738945433,1.03845
279,fft_6_10_10_11_12_14.txt,6 _ 1 0 _ 1 0 _ 1 1 _ 1 2 _ 1 4,0.014781031300320558,1.038252
280,fft_6_11_10_10_10_11.txt,6 _ 1 1 _ 1 0 _ 1 0 _ 1 0 _ 1 1,0.014157611908728102,1.036828
281,fft_6_11_10_12_14_15.txt,6 _ 1 1 _ 1 0 _ 1 2 _ 1 4 _ 1 5,0.013949432863628026,1.036406
282,fft_7_15_10_11_12_12.txt,7 _ 1 5 _ 1 0 _ 1 1 _ 1 2 _ 1 2,0.018289526611097125,1.047095
283,fft_8_12_10_10_12_14.txt,8 _ 1 2 _ 1 0 _ 1 0 _ 1 2 _ 1 4,0.018289526611097125,1.047095
284,fft_8_12_10_12_12_13.txt,8 _ 1 2 _ 1 0 _ 1 2 _ 1 2 _ 1 3,0.018289526611097125,1.047095
285,fft_8_13_10_10_12_14.txt,8 _ 1 3 _ 1 0 _ 1 0 _ 1 2 _ 1 4,0.018289526611097125,1.047095
286,fft_10_10_10_11_13_14.txt,1 0 _ 1 0 _ 1 0 _ 1 1 _ 1 3 _ 1 4,0.018289526611097125,1.047095
287,fft_10_12_10_11_11_13.txt,1 0 _ 1 2 _ 1 0 _ 1 1 _ 1 1 _ 1 3,0.01248244023769579,1.032748
288,fft_10_12_10_11_13_14.txt,1 0 _ 1 2 _ 1 0 _ 1 1 _ 1 3 _ 1 4,0.018289526611097125,1.047095
289,fft_10_12_10_12_12_12.txt,1 0 _ 1 2 _ 1 0 _ 1 2 _ 1 2 _ 1 2,0.018289526611097125,1.047095
290,fft_10_13_10_12_12_12.txt,1 0 _ 1 3 _ 1 0 _ 1 2 _ 1 2 _ 1 2,0.018289526611097125,1.047095
291,fft_15_10_10_10_11_12.txt,1 5 _ 1 0 _ 1 0 _ 1 0 _ 1 1 _ 1 2,0.018289526611097125,1.047095
292,fft_15_10_10_11_13_15.txt,1 5 _ 1 0 _ 1 0 _ 1 1 _ 1 3 _ 1 5,0.018289526611097125,1.047095
293,fft_15_10_10_12_14_16.txt,1 5 _ 1 0 _ 1 0 _ 1 2 _ 1 4 _ 1 6,0.018289526611097125,1.047095
294,fft_15_12_10_10_12_12.txt,1 5 _ 1 2 _ 1 0 _ 1 0 _ 1 2 _ 1 2,0.018289526611097125,1.047095
295,fft_15_12_10_11_11_12.txt,1 5 _ 1 2 _ 1 0 _ 1 1 _ 1 1 _ 1 2,0.018289526611097125,1.047095
296,fft_15_12_10_11_12_13.txt,1 5 _ 1 2 _ 1 0 _ 1 1 _ 1 2 _ 1 3,0.018289526611097125,1.047095
